Title,Price,Rating,Page
IBOX Apple iPhone 15 128GB 256GB 512GB Blue Pink Yellow Green,13999000,5.0,1
Apple iPhone 15 Garansi Resmi - 128GB 256GB 512GB,13209000,4.9,1
IBOX Apple iPhone 15 Pro 128GB 256GB 512GB 1TB Blue Natural Titanium,22499000,5.0,1
[ Resmi iBox ] Apple iPhone 15 - iPhone 15 Plus 15+ 128GB 256GB 512GB,13910000,4.9,1
IBOX Apple iPhone 15 128GB 256GB 512GB Blue Pink Yellow Green,13905000,5.0,1
Apple iPhone 15 128GB Garansi Resmi IBOX / GDN,"12,8jt - 13,7jt",5.0,1
Apple iPhone 15 Pro Garansi Resmi - 128GB 256GB 512GB 1T,18jt - 32jt,4.9,1
Apple iPhone 15 Pro Max Garansi Resmi - 256GB 512GB 1T,"21,7jt - 34,7jt",5.0,1
Apple iPhone 15 Garansi Resmi - 128GB 256GB 512GB,"13,2jt - 22,9jt",4.9,1
iPhone 15,"13,1jt - 16,6jt",5.0,1
(IMEI RESMI) Apple iPhone 15 Pro 128GB 256GB 512GB 1TB Black Titanium,18299000,4.8,2
RESMI IMEI Iphone 15 Plus 128GB 256GB 512GB Yellow Black Green Pink,15199000,4.9,2
"Apple iPhone 15 Pro 128GB 256GB 512GB 1TB Garansi Resmi iBox - iBox 128GB, White Titanium",18799000,5.0,2
"Apple iPhone 15 128GB 256GB 512GB Black Blue Pink Yellow Green - 128GB, Green",17499000,5.0,2
"IBOX Apple iPhone 15 Plus 128GB 256GB 512GB Black Pink Garansi Resmi - 128GB, Black",16199000,4.8,2
(IMEI RESMI) Apple iPhone 15 Pro 128GB 256GB 512GB 1TB Black Titanium,"18,2jt - 30,2jt",4.9,2
Iphone 15 128/256/512 GB Garansi Resmi Indonesia,"13jt - 23,4jt",5.0,2
IMEI RESMI Apple iPhone 15 128GB 256GB 512GB Black Pink Blue Dual Nano,"13,9jt - 20,7jt",4.9,2
iPhone 15 Pro 128 GB | 256 GB | 512 GB | 1 TB Garansi Resmi,"17,6jt - 29,6jt",4.7,2
"Apple iPhone 15 Plus 128GB 256GB 512GB Black Blue Pink Yellow Green - 256GB, Black",19499000,4.8,3
(IBOX) Apple iPhone 15 Pro 1TB 512GB 256GB 128GB Black Blue Titanium,18048000,5.0,3
"iPhone 15 Pro 128GB 256GB 512GB 1TB Garansi Internasional imei Resmi - 128GB Reguler, Black",20200000,4.9,3
"Apple iPhone 15 Pro Max 256GB 512GB 1TB Black Blue Natural Titanium - 256GB, White",26999000,5.0,3
"Apple iPhone 15 Plus 128GB 256GB 512 Garansi Internasional IMEI Resmi - 256GB Reguler, Green",21175000,5.0,3
BOX DUS KOTAK IPHONE 15 PRO / 15 PRO MAX RANDOM IMEI,50000,5.0,3
(IBOX) Apple Iphone 15 Pro Max 256GB 512GB 1TB Natural Titanium,"22,4jt - 32,7jt",4.6,3
(RESMI) iPhone 15 128GB 256GB 512GB Garansi Resmi iBox,"13,9jt - 23,4jt",5.0,3
iPhone 15 Pro Max 256GB Garansi Resmi,23249000,5.0,4
Apple Iphone 15 6/128GB  - PINK,14689000,5.0,4
Apple iPhone 15 Pro Max 256GB Garansi Resmi Indonesia,24999000,5.0,4
Apple Iphone 15 PRO 6/256GB TITANIUM,22779000,5.0,4
IPHONE 12 PROMAX 3G ULTIMATE,1650000,5.0,4
Apple iPhone 15 Pro Max 256GB 512GB 1TB Black Blue Natural Titanium,"21,8jt - 39,9jt",5.0,4
iPhone 15 Pro 128GB Garansi Resmi Apple Indonesia,18999000,5.0,4
IPHONE 15 6.1 HYDROGEL SCREEN GUARD ANTI BLUE LIGHT NO GLASS RADIASI,50000,5.0,5
TEMPERED GLASS IPHONE 15 PRO / PRO MAX BASEUS CORNING ANTISPY /PRIVACY - 15 PRO,210000,5.0,5
IPHONE 15/PRO/MAX BASEUS SAPPHIRE TEMPERED GLASS FILM - 15 BIASA,175000,5.0,5
Nillkin Tempered Glass H+ PRO for iPhone 15 Pro Max Plus Anti Gores,140000,5.0,5
BASEUS CORNING TEMPERED GLASS FILM ANTISPY IPHONE 15 PRO / PRO MAX - 15 PRO,210000,5.0,5
IPhone 15 Pro 128GB /256GB /512 GB / 1 TB Garansi Resmi Indonesia,"17,8jt - 29,3jt",5.0,5
IPHONE 13 PRO 3G ULTIMATE 16GB,1730000,4.0,6
iPhone 13 Second iBox | New Resmi 128GB 256GB 512GB Kamar Gadget,10620000,5.0,6
Apple iPhone 13 256GB Garansi Resmi TAM / iBox Indonesia - Green,12599000,4.7,6
Apple iPhone 13 128GB 256GB - Garansi Resmi IBOX,10155000,4.9,6
Apple Iphone 13 128GB,10589000,5.0,6
iphone 15 128gb ibox new garansi resmi no repack,13999000,5.0,6
iPhone 15 128GB 256GB Resmi iBox,"13,9jt - 16,8jt",5.0,6
(RESMI) iPhone 15 Pro 128GB 256GB 512GB 1TB Blue Natural Titanium IBOX,"16,1jt - 29,9jt",5.0,6
iPhone 15 Plus 128GB Garansi Resmi,16249000,5.0,6
